production_id,machine_id,operation_type,quantity_produced,processing_time_min,energy_consumption_kwh,energy_intensity,machine_availability_percent,production_date,optimization_category
J001,M01,Grinding,3.17,76,11.42,3.602523659305994,96,2023-03-18,Moderate Efficiency
J004,M04,Grinding,1.76,106,12.5,7.1022727272727275,95,2023-03-18,Moderate Efficiency
J005,M01,Lathe,1.9,46,8.13,4.278947368421053,88,2023-03-18,High Efficiency
J006,M02,Additive,4.86,100,13.83,2.8456790123456788,86,2023-03-18,Moderate Efficiency
J007,M04,Milling,4.67,22,14.2,3.0406852248394003,87,2023-03-18,Moderate Efficiency
J008,M05,Grinding,1.57,79,13.86,8.828025477707005,91,2023-03-18,Low Efficiency
J009,M02,Drilling,3.49,42,8.97,2.5702005730659025,81,2023-03-18,Moderate Efficiency
J011,M01,Lathe,3.02,65,9.98,3.304635761589404,90,2023-03-18,Low Efficiency
J013,M03,Lathe,3.1,43,5.55,1.7903225806451613,95,2023-03-18,High Efficiency
J014,M04,Additive,2.33,112,2.01,0.8626609442060085,95,2023-03-18,Optimal Efficiency
J015,M05,Additive,3.92,104,3.67,0.9362244897959183,98,2023-03-18,High Efficiency
J016,M01,Additive,2.09,65,12.29,5.880382775119617,96,2023-03-18,Low Efficiency
J017,M03,Lathe,4.3,115,9.44,2.1953488372093024,80,2023-03-18,Low Efficiency
J018,M05,Lathe,2.25,55,10.95,4.866666666666666,94,2023-03-18,Low Efficiency
J019,M02,Milling,4.62,52,3.27,0.7077922077922078,82,2023-03-18,Low Efficiency
J020,M05,Lathe,1.39,42,14.19,10.20863309352518,91,2023-03-18,Moderate Efficiency
J021,M02,Milling,3.95,107,13.73,3.4759493670886075,83,2023-03-18,Low Efficiency
J023,M01,Drilling,4.86,98,13.49,2.7757201646090532,89,2023-03-18,Low Efficiency
J026,M01,Additive,1.14,21,3.89,3.4122807017543866,97,2023-03-18,High Efficiency
J028,M03,Milling,3.21,93,4.16,1.29595015576324,98,2023-03-18,Low Efficiency
J029,M02,Milling,3.47,116,5.39,1.5533141210374637,91,2023-03-18,Low Efficiency
J030,M05,Grinding,4.62,66,10.36,2.242424242424242,89,2023-03-18,Moderate Efficiency
J031,M03,Grinding,1.7,37,3.21,1.888235294117647,96,2023-03-18,High Efficiency
J032,M03,Drilling,3.02,78,4.93,1.6324503311258276,80,2023-03-18,High Efficiency
J035,M02,Drilling,2.05,47,12.12,5.912195121951219,82,2023-03-18,Moderate Efficiency
J036,M04,Additive,1.76,99,4.72,2.6818181818181817,96,2023-03-18,Low Efficiency
J037,M01,Milling,4.6,79,13.17,2.86304347826087,88,2023-03-18,Moderate Efficiency
J038,M01,Grinding,4.77,43,4.98,1.0440251572327046,94,2023-03-18,High Efficiency
J040,M01,Lathe,2.29,50,9.94,4.3406113537117905,97,2023-03-18,Low Efficiency
J041,M04,Milling,1.15,88,11.64,10.121739130434785,82,2023-03-18,Moderate Efficiency
J042,M04,Additive,1.55,48,13.57,8.754838709677419,95,2023-03-18,Low Efficiency
J043,M03,Additive,4.84,75,4.53,0.9359504132231405,87,2023-03-18,High Efficiency
J044,M02,Lathe,1.82,109,5.67,3.1153846153846154,93,2023-03-18,Low Efficiency
J045,M02,Milling,3.52,78,3.03,0.8607954545454545,91,2023-03-18,High Efficiency
J047,M02,Drilling,1.9,25,10.09,5.310526315789474,85,2023-03-18,Moderate Efficiency
J048,M02,Lathe,3.67,75,4.12,1.122615803814714,99,2023-03-18,Low Efficiency
J049,M02,Lathe,4.43,33,7.55,1.7042889390519187,80,2023-03-18,Moderate Efficiency
J052,M05,Grinding,3.91,23,9.2,2.352941176470588,82,2023-03-18,Low Efficiency
J053,M02,Lathe,1.85,97,4.77,2.5783783783783782,98,2023-03-18,Low Efficiency
J055,M05,Drilling,4.61,116,13.1,2.8416485900216917,99,2023-03-18,Low Efficiency
J056,M01,Drilling,4.2,104,11.91,2.8357142857142854,80,2023-03-18,Low Efficiency
J057,M02,Additive,1.04,31,6.53,6.278846153846154,86,2023-03-18,Low Efficiency
J058,M01,Grinding,1.03,83,8.42,8.174757281553397,81,2023-03-18,High Efficiency
J060,M01,Milling,3.29,66,8.69,2.641337386018237,80,2023-03-18,Moderate Efficiency
J064,M02,Lathe,4.81,71,7.42,1.5426195426195428,83,2023-03-18,High Efficiency
J068,M02,Lathe,3.48,116,9.64,2.770114942528736,82,2023-03-18,Low Efficiency
J069,M04,Additive,2.61,29,9.58,3.670498084291188,80,2023-03-18,Moderate Efficiency
J071,M04,Milling,2.62,25,7.29,2.782442748091603,95,2023-03-18,Low Efficiency
J072,M05,Grinding,3.52,68,6.05,1.71875,99,2023-03-18,High Efficiency
J073,M04,Drilling,4.17,112,11.57,2.774580335731415,89,2023-03-18,Moderate Efficiency
J074,M04,Milling,3.72,65,12.97,3.486559139784946,86,2023-03-18,Moderate Efficiency
J075,M05,Additive,3.55,85,7.52,2.1183098591549294,84,2023-03-18,High Efficiency
J077,M01,Milling,3.46,62,7.46,2.1560693641618496,84,2023-03-18,High Efficiency
J080,M04,Grinding,2.11,82,14.62,6.928909952606635,89,2023-03-18,Low Efficiency
J081,M02,Additive,4.01,69,11.72,2.922693266832918,88,2023-03-18,Low Efficiency
J082,M01,Drilling,1.73,24,13.39,7.739884393063584,98,2023-03-18,Low Efficiency
J083,M03,Drilling,4.15,59,12.15,2.927710843373494,85,2023-03-18,Moderate Efficiency
J085,M02,Lathe,3.38,44,3.35,0.9911242603550297,87,2023-03-18,High Efficiency
J086,M05,Drilling,2.77,77,14.07,5.07942238267148,93,2023-03-18,Moderate Efficiency
J088,M04,Additive,1.36,60,9.56,7.029411764705882,94,2023-03-18,Low Efficiency
J089,M04,Grinding,4.66,55,14.16,3.03862660944206,81,2023-03-18,Low Efficiency
J091,M02,Grinding,4.86,60,14.6,3.0041152263374484,83,2023-03-18,Low Efficiency
J095,M03,Lathe,3.43,113,9.22,2.688046647230321,89,2023-03-18,Low Efficiency
J098,M03,Grinding,3.87,91,14.55,3.75968992248062,92,2023-03-19,Moderate Efficiency
J100,M02,Grinding,2.71,27,12.24,4.516605166051661,96,2023-03-19,Moderate Efficiency
J101,M05,Additive,4.8,37,4.73,0.9854166666666668,92,2023-03-19,Low Efficiency
J102,M04,Grinding,4.96,110,14.56,2.935483870967742,88,2023-03-19,Low Efficiency
J104,M05,Milling,3.6,62,8.45,2.347222222222222,87,2023-03-19,Low Efficiency
J105,M03,Grinding,1.85,43,13.65,7.378378378378378,86,2023-03-19,Low Efficiency
J106,M03,Grinding,4.58,107,8.8,1.9213973799126638,80,2023-03-19,Low Efficiency
J108,M05,Lathe,3.28,78,14.78,4.5060975609756095,84,2023-03-19,Moderate Efficiency
J109,M05,Lathe,3.19,102,5.14,1.6112852664576802,84,2023-03-19,Low Efficiency
J110,M05,Additive,3.17,107,9.31,2.936908517350158,89,2023-03-19,Low Efficiency
J111,M01,Drilling,2.87,119,13.26,4.620209059233449,80,2023-03-19,Low Efficiency
J112,M02,Lathe,3.71,74,7.12,1.9191374663072778,95,2023-03-19,Moderate Efficiency
J113,M01,Drilling,3.77,103,2.25,0.596816976127321,95,2023-03-19,Low Efficiency
J115,M04,Lathe,1.32,114,9.49,7.1893939393939394,86,2023-03-19,High Efficiency
J116,M04,Milling,2.11,77,5.69,2.6966824644549767,90,2023-03-19,Low Efficiency
J117,M02,Grinding,1.57,67,5.41,3.445859872611465,81,2023-03-19,Low Efficiency
J119,M04,Drilling,1.09,58,6.55,6.009174311926605,89,2023-03-19,High Efficiency
J120,M04,Lathe,1.22,33,5.5,4.508196721311475,91,2023-03-19,High Efficiency
J121,M05,Additive,4.13,39,8.06,1.9515738498789348,91,2023-03-19,Low Efficiency
J122,M02,Grinding,3.22,102,7.75,2.4068322981366457,96,2023-03-19,Low Efficiency
J123,M04,Grinding,2.65,85,8.35,3.150943396226415,80,2023-03-19,Low Efficiency
J124,M01,Grinding,4.75,40,4.42,0.9305263157894736,80,2023-03-19,High Efficiency
J125,M02,Additive,2.43,76,3.58,1.4732510288065843,91,2023-03-19,High Efficiency
J126,M01,Milling,3.12,70,5.07,1.625,98,2023-03-19,Low Efficiency
J128,M04,Grinding,3.24,40,10.06,3.1049382716049383,91,2023-03-19,Low Efficiency
J129,M05,Grinding,2.07,45,7.75,3.743961352657005,84,2023-03-19,Moderate Efficiency
J130,M02,Milling,1.1,78,2.49,2.2636363636363637,96,2023-03-19,Optimal Efficiency
J131,M04,Drilling,3.55,78,4.87,1.3718309859154931,97,2023-03-19,Low Efficiency
J133,M01,Drilling,4.42,85,6.51,1.4728506787330315,92,2023-03-19,High Efficiency
J135,M01,Drilling,4.64,23,8.31,1.7909482758620692,86,2023-03-19,High Efficiency
J136,M04,Drilling,4.7,78,2.59,0.551063829787234,95,2023-03-19,Low Efficiency
J137,M01,Lathe,2.86,91,11.79,4.1223776223776225,89,2023-03-19,Moderate Efficiency
J139,M03,Additive,4.04,45,4.48,1.108910891089109,92,2023-03-19,High Efficiency
J140,M05,Drilling,2.58,100,8.54,3.3100775193798446,85,2023-03-19,Moderate Efficiency
J141,M03,Drilling,2.45,100,6.0,2.4489795918367343,91,2023-03-19,Low Efficiency
J142,M03,Lathe,2.69,110,3.75,1.3940520446096654,93,2023-03-19,Low Efficiency
J144,M03,Milling,2.1,47,6.24,2.9714285714285715,87,2023-03-19,Low Efficiency
J145,M05,Lathe,4.02,22,7.26,1.8059701492537314,97,2023-03-19,Moderate Efficiency
J148,M01,Lathe,3.74,39,9.65,2.5802139037433154,87,2023-03-19,High Efficiency
J152,M05,Milling,1.82,106,9.32,5.1208791208791204,96,2023-03-19,Moderate Efficiency
J153,M05,Lathe,1.73,66,5.45,3.1502890173410405,90,2023-03-19,High Efficiency
J154,M02,Grinding,2.11,111,7.67,3.6350710900473935,80,2023-03-19,Low Efficiency
J155,M03,Drilling,3.57,40,9.87,2.764705882352941,82,2023-03-19,Moderate Efficiency
J157,M03,Grinding,1.01,59,8.16,8.07920792079208,91,2023-03-19,Moderate Efficiency
J158,M05,Drilling,3.55,113,7.69,2.1661971830985918,80,2023-03-19,High Efficiency
J159,M02,Milling,1.15,46,3.01,2.617391304347826,89,2023-03-19,High Efficiency
J160,M01,Milling,4.25,118,9.57,2.251764705882353,87,2023-03-19,Moderate Efficiency
J161,M04,Milling,3.8,54,10.3,2.710526315789474,89,2023-03-19,Moderate Efficiency
J162,M01,Additive,2.25,58,11.7,5.199999999999999,92,2023-03-19,Moderate Efficiency
J163,M01,Milling,4.4,43,10.4,2.3636363636363633,80,2023-03-19,Low Efficiency
J165,M04,Milling,3.28,29,7.32,2.231707317073171,82,2023-03-19,High Efficiency
J167,M01,Grinding,1.29,35,7.2,5.5813953488372094,94,2023-03-19,Moderate Efficiency
J169,M03,Lathe,1.36,23,7.11,5.227941176470588,92,2023-03-19,High Efficiency
J170,M03,Milling,3.54,102,2.14,0.6045197740112994,99,2023-03-19,Low Efficiency
J171,M05,Drilling,2.58,72,13.69,5.3062015503875966,83,2023-03-19,Low Efficiency
J173,M02,Additive,1.85,64,12.14,6.562162162162162,82,2023-03-19,Moderate Efficiency
J176,M05,Milling,2.39,100,2.62,1.096234309623431,95,2023-03-19,High Efficiency
J177,M02,Drilling,3.51,97,9.08,2.586894586894587,97,2023-03-19,Moderate Efficiency
J178,M01,Drilling,4.43,82,10.58,2.3882618510158014,82,2023-03-19,Low Efficiency
J180,M02,Additive,3.46,69,3.76,1.0867052023121386,84,2023-03-19,Low Efficiency
J181,M02,Drilling,3.55,95,6.4,1.802816901408451,89,2023-03-19,Low Efficiency
J183,M04,Drilling,4.11,106,12.25,2.9805352798053524,80,2023-03-19,Low Efficiency
J184,M04,Additive,3.52,89,9.7,2.755681818181818,99,2023-03-19,Moderate Efficiency
J185,M04,Grinding,2.0,50,6.07,3.035,85,2023-03-19,High Efficiency
J186,M01,Milling,1.25,70,12.13,9.704,82,2023-03-19,Low Efficiency
J188,M02,Grinding,2.61,90,9.18,3.5172413793103448,83,2023-03-19,Low Efficiency
J189,M03,Drilling,3.38,50,11.6,3.4319526627218937,86,2023-03-19,Moderate Efficiency
J191,M01,Milling,4.16,114,5.81,1.3966346153846152,89,2023-03-19,High Efficiency
J192,M03,Drilling,1.04,100,6.93,6.663461538461538,82,2023-03-19,Low Efficiency
J193,M04,Drilling,4.82,80,14.08,2.921161825726141,80,2023-03-19,Moderate Efficiency
J194,M03,Lathe,4.81,57,8.84,1.837837837837838,94,2023-03-19,Moderate Efficiency
J195,M02,Drilling,2.53,88,7.32,2.8932806324110674,87,2023-03-19,Moderate Efficiency
J196,M02,Drilling,1.48,56,8.84,5.972972972972973,93,2023-03-19,Low Efficiency
J198,M04,Milling,2.33,74,2.46,1.055793991416309,92,2023-03-19,Optimal Efficiency
J199,M04,Lathe,4.52,90,7.61,1.683628318584071,94,2023-03-19,High Efficiency
J200,M02,Lathe,2.04,84,7.96,3.9019607843137254,94,2023-03-19,Low Efficiency
J204,M02,Grinding,1.66,113,5.93,3.572289156626506,80,2023-03-19,Low Efficiency
J207,M05,Milling,3.41,21,3.53,1.035190615835777,82,2023-03-19,Low Efficiency
J208,M01,Grinding,3.27,20,5.06,1.547400611620795,85,2023-03-19,High Efficiency
J210,M04,Drilling,1.1,76,10.49,9.536363636363635,80,2023-03-19,Moderate Efficiency
J211,M03,Milling,1.66,25,8.39,5.05421686746988,80,2023-03-19,Low Efficiency
J212,M01,Milling,1.45,96,4.27,2.9448275862068964,98,2023-03-19,High Efficiency
J214,M04,Grinding,2.39,36,4.59,1.920502092050209,85,2023-03-19,Low Efficiency
J215,M02,Milling,4.79,43,6.1,1.2734864300626303,91,2023-03-19,High Efficiency
J216,M01,Lathe,3.51,42,10.46,2.9800569800569803,95,2023-03-19,Moderate Efficiency
J217,M02,Grinding,3.35,109,4.75,1.417910447761194,95,2023-03-19,Low Efficiency
J219,M05,Additive,1.46,107,11.19,7.664383561643835,97,2023-03-19,Low Efficiency
J220,M05,Milling,1.62,70,4.22,2.604938271604938,81,2023-03-19,Low Efficiency
J225,M03,Milling,4.52,22,13.02,2.880530973451328,80,2023-03-19,Moderate Efficiency
J226,M04,Grinding,3.11,105,7.9,2.5401929260450165,88,2023-03-19,Low Efficiency
J228,M02,Lathe,4.66,77,8.47,1.8175965665236051,82,2023-03-19,Low Efficiency
J229,M01,Milling,4.49,59,13.77,3.0668151447661467,83,2023-03-19,Moderate Efficiency
J230,M01,Milling,2.36,65,11.13,4.716101694915255,88,2023-03-19,Moderate Efficiency
J232,M01,Grinding,3.62,106,11.48,3.1712707182320443,98,2023-03-19,Low Efficiency
J233,M04,Milling,3.03,88,2.35,0.7755775577557756,81,2023-03-19,Low Efficiency
J234,M01,Grinding,4.31,111,9.95,2.308584686774942,98,2023-03-19,Moderate Efficiency
J235,M03,Lathe,4.37,56,6.94,1.5881006864988558,89,2023-03-19,Low Efficiency
J236,M02,Lathe,4.49,26,7.84,1.7461024498886413,97,2023-03-19,High Efficiency
J237,M01,Grinding,3.53,83,6.17,1.7478753541076488,83,2023-03-19,High Efficiency
J238,M05,Additive,4.1,95,7.18,1.751219512195122,89,2023-03-19,Low Efficiency
J241,M01,Milling,2.65,95,9.52,3.5924528301886793,91,2023-03-20,Moderate Efficiency
J242,M05,Lathe,4.51,102,10.33,2.2904656319290466,97,2023-03-20,Low Efficiency
J243,M02,Lathe,2.34,56,4.43,1.893162393162393,85,2023-03-20,High Efficiency
J245,M02,Additive,2.86,25,2.84,0.993006993006993,82,2023-03-20,High Efficiency
J246,M01,Milling,1.69,40,3.02,1.78698224852071,90,2023-03-20,Low Efficiency
J247,M02,Milling,4.81,84,12.46,2.5904365904365907,95,2023-03-20,Low Efficiency
J248,M01,Drilling,4.07,51,5.84,1.4348894348894348,91,2023-03-20,Low Efficiency
J249,M03,Milling,1.48,67,3.71,2.5067567567567566,94,2023-03-20,High Efficiency
J250,M02,Milling,1.32,79,6.4,4.848484848484849,96,2023-03-20,Low Efficiency
J251,M01,Milling,1.02,21,8.57,8.401960784313726,89,2023-03-20,Low Efficiency
J252,M05,Milling,4.59,38,13.14,2.8627450980392157,96,2023-03-20,Low Efficiency
J253,M01,Milling,4.49,43,9.9,2.2048997772828507,87,2023-03-20,Moderate Efficiency
J255,M01,Grinding,1.82,38,11.78,6.472527472527472,83,2023-03-20,Low Efficiency
J256,M01,Grinding,1.73,60,4.89,2.8265895953757223,82,2023-03-20,High Efficiency
J257,M02,Additive,2.86,120,5.09,1.7797202797202798,82,2023-03-20,High Efficiency
J258,M05,Drilling,1.58,28,9.23,5.841772151898734,88,2023-03-20,Low Efficiency
J259,M03,Lathe,2.91,24,7.41,2.5463917525773194,95,2023-03-20,Low Efficiency
J263,M04,Lathe,3.65,38,14.87,4.073972602739726,80,2023-03-20,Moderate Efficiency
J265,M04,Milling,2.77,97,6.15,2.220216606498195,82,2023-03-20,Low Efficiency
J267,M02,Drilling,4.42,101,8.25,1.8665158371040724,80,2023-03-20,Low Efficiency
J268,M04,Lathe,4.24,105,6.98,1.6462264150943395,93,2023-03-20,High Efficiency
J270,M04,Drilling,4.32,75,14.44,3.342592592592592,81,2023-03-20,Moderate Efficiency
J271,M01,Grinding,1.78,21,7.47,4.1966292134831455,83,2023-03-20,Low Efficiency
J272,M04,Lathe,3.17,55,13.68,4.315457413249211,84,2023-03-20,Low Efficiency
J274,M05,Lathe,2.17,20,4.29,1.976958525345622,97,2023-03-20,Low Efficiency
J275,M03,Additive,3.21,94,14.67,4.570093457943925,93,2023-03-20,Moderate Efficiency
J277,M01,Lathe,2.0,76,12.37,6.185,88,2023-03-20,Moderate Efficiency
J278,M03,Additive,2.08,58,14.2,6.826923076923077,91,2023-03-20,Moderate Efficiency
J279,M04,Milling,2.15,64,2.45,1.1395348837209303,81,2023-03-20,High Efficiency
J280,M05,Drilling,2.62,66,9.66,3.687022900763359,89,2023-03-20,Low Efficiency
J281,M03,Lathe,4.82,59,8.66,1.796680497925311,95,2023-03-20,High Efficiency
J282,M03,Lathe,3.17,30,10.21,3.2208201892744484,88,2023-03-20,Moderate Efficiency
J283,M01,Additive,1.52,37,9.47,6.230263157894737,96,2023-03-20,Low Efficiency
J285,M01,Additive,3.25,106,13.31,4.095384615384615,86,2023-03-20,Moderate Efficiency
J286,M04,Additive,3.22,107,6.69,2.077639751552795,91,2023-03-20,High Efficiency
J287,M02,Lathe,3.31,95,5.56,1.6797583081570995,85,2023-03-20,High Efficiency
J288,M02,Additive,2.97,36,6.56,2.2087542087542085,82,2023-03-20,High Efficiency
J289,M02,Grinding,1.49,97,5.47,3.6711409395973154,81,2023-03-20,Low Efficiency
J290,M05,Grinding,3.82,81,10.72,2.8062827225130893,99,2023-03-20,Moderate Efficiency
J291,M03,Milling,5.0,26,12.76,2.552,95,2023-03-20,Moderate Efficiency
J292,M04,Additive,2.41,93,9.8,4.066390041493776,91,2023-03-20,Moderate Efficiency
J293,M04,Drilling,1.8,103,13.09,7.272222222222222,82,2023-03-20,Low Efficiency
J294,M03,Drilling,4.27,90,6.74,1.5784543325526934,87,2023-03-20,Low Efficiency
J295,M02,Additive,2.46,39,10.97,4.4593495934959355,96,2023-03-20,Moderate Efficiency
J298,M04,Additive,2.19,116,4.79,2.1872146118721463,95,2023-03-20,Low Efficiency
J300,M04,Additive,3.42,20,6.24,1.824561403508772,92,2023-03-20,High Efficiency
J301,M02,Drilling,3.16,87,5.09,1.610759493670886,92,2023-03-20,High Efficiency
J303,M05,Additive,1.5,38,6.46,4.306666666666667,96,2023-03-20,Low Efficiency
J304,M03,Drilling,1.07,75,6.02,5.6261682242990645,99,2023-03-20,Low Efficiency
J305,M05,Additive,4.33,89,12.46,2.8775981524249423,81,2023-03-20,Moderate Efficiency
J306,M03,Lathe,2.92,77,9.46,3.2397260273972606,99,2023-03-20,Low Efficiency
J308,M01,Additive,1.25,50,3.41,2.728,80,2023-03-20,High Efficiency
J310,M04,Grinding,2.35,50,8.24,3.5063829787234044,94,2023-03-20,Low Efficiency
J314,M05,Grinding,4.39,113,10.52,2.396355353075171,80,2023-03-20,Moderate Efficiency
J315,M05,Grinding,4.4,51,4.67,1.0613636363636363,91,2023-03-20,High Efficiency
J316,M02,Milling,3.4,105,14.25,4.1911764705882355,87,2023-03-20,Moderate Efficiency
J317,M05,Additive,4.77,70,4.67,0.979035639412998,88,2023-03-20,Low Efficiency
J318,M02,Drilling,3.6,87,10.22,2.838888888888889,95,2023-03-20,Low Efficiency
J319,M03,Milling,3.45,23,10.48,3.03768115942029,80,2023-03-20,Low Efficiency
J320,M04,Grinding,2.91,39,2.7,0.9278350515463918,92,2023-03-20,High Efficiency
J322,M03,Lathe,3.62,80,10.42,2.8784530386740332,88,2023-03-20,Low Efficiency
J323,M01,Grinding,2.23,90,5.88,2.6367713004484306,95,2023-03-20,High Efficiency
J326,M01,Additive,3.87,60,4.74,1.2248062015503876,94,2023-03-20,High Efficiency
J327,M04,Grinding,2.87,73,11.29,3.933797909407665,94,2023-03-20,Moderate Efficiency
J328,M05,Milling,2.3,57,13.77,5.98695652173913,81,2023-03-20,Moderate Efficiency
J330,M01,Additive,4.14,54,8.66,2.091787439613527,86,2023-03-20,Low Efficiency
J331,M04,Additive,4.45,27,5.78,1.2988764044943821,97,2023-03-20,Low Efficiency
J332,M05,Grinding,1.19,114,9.52,8.0,81,2023-03-20,Low Efficiency
J335,M05,Additive,2.63,59,13.01,4.946768060836502,85,2023-03-20,Moderate Efficiency
J336,M05,Grinding,4.69,25,10.4,2.2174840085287846,87,2023-03-20,Low Efficiency
J338,M01,Additive,2.04,71,13.97,6.848039215686275,93,2023-03-20,Low Efficiency
J339,M03,Lathe,1.8,74,11.52,6.3999999999999995,94,2023-03-20,Moderate Efficiency
J343,M02,Grinding,4.88,100,10.38,2.127049180327869,90,2023-03-20,Low Efficiency
J344,M01,Lathe,3.32,94,14.98,4.5120481927710845,86,2023-03-20,Moderate Efficiency
J346,M04,Drilling,3.59,29,13.78,3.8384401114206126,80,2023-03-20,Low Efficiency
J347,M01,Lathe,4.02,73,14.45,3.59452736318408,96,2023-03-20,Low Efficiency
J348,M02,Drilling,1.74,92,8.79,5.051724137931034,91,2023-03-20,High Efficiency
J349,M04,Grinding,3.27,86,10.39,3.1773700305810397,96,2023-03-20,Low Efficiency
J350,M03,Additive,2.11,77,10.81,5.1232227488151665,95,2023-03-20,Low Efficiency
J351,M04,Additive,2.12,51,9.83,4.636792452830188,87,2023-03-20,Moderate Efficiency
J352,M01,Lathe,2.46,93,14.04,5.7073170731707314,82,2023-03-20,Moderate Efficiency
J353,M02,Additive,2.46,36,5.98,2.4308943089430897,84,2023-03-20,High Efficiency
J354,M03,Grinding,1.3,61,13.62,10.476923076923075,84,2023-03-20,Moderate Efficiency
J355,M03,Drilling,4.99,87,5.88,1.1783567134268536,80,2023-03-20,Low Efficiency
J356,M01,Lathe,2.22,101,10.12,4.558558558558558,85,2023-03-20,Low Efficiency
J357,M05,Additive,2.75,116,11.31,4.112727272727273,99,2023-03-20,Low Efficiency
J359,M04,Grinding,2.73,90,7.96,2.9157509157509156,91,2023-03-20,Low Efficiency
J360,M05,Additive,1.81,29,8.0,4.419889502762431,97,2023-03-20,Moderate Efficiency
J361,M05,Drilling,4.31,83,4.43,1.0278422273781902,85,2023-03-20,Low Efficiency
J362,M02,Drilling,1.25,50,12.64,10.112,83,2023-03-20,Moderate Efficiency
J363,M04,Milling,4.13,118,3.21,0.7772397094430993,85,2023-03-20,Low Efficiency
J364,M05,Additive,2.57,115,6.41,2.4941634241245136,81,2023-03-20,High Efficiency
J365,M05,Additive,4.36,106,9.52,2.18348623853211,94,2023-03-20,Low Efficiency
J366,M03,Drilling,1.15,47,12.4,10.782608695652176,92,2023-03-20,Moderate Efficiency
J367,M05,Drilling,3.64,38,12.38,3.401098901098901,93,2023-03-20,Moderate Efficiency
J368,M03,Grinding,3.79,63,8.96,2.3641160949868074,85,2023-03-20,Moderate Efficiency
J369,M04,Grinding,1.6,76,5.98,3.7375000000000003,90,2023-03-20,Low Efficiency
J371,M01,Lathe,2.29,32,4.38,1.9126637554585153,88,2023-03-20,Low Efficiency
J373,M05,Grinding,1.1,95,4.05,3.681818181818181,89,2023-03-20,Low Efficiency
J374,M02,Milling,3.88,48,7.49,1.9304123711340206,98,2023-03-20,Low Efficiency
J376,M04,Drilling,3.87,52,13.19,3.408268733850129,88,2023-03-20,Low Efficiency
J377,M02,Milling,2.39,61,6.11,2.5564853556485354,94,2023-03-20,High Efficiency
J379,M01,Additive,4.05,47,5.13,1.2666666666666666,81,2023-03-20,Low Efficiency
J380,M02,Lathe,3.25,46,4.7,1.4461538461538461,98,2023-03-20,High Efficiency
J381,M01,Additive,1.33,89,7.85,5.902255639097744,86,2023-03-20,High Efficiency
J382,M04,Lathe,3.53,72,14.49,4.1048158640226635,99,2023-03-20,Moderate Efficiency
J384,M01,Grinding,2.66,50,11.62,4.368421052631579,91,2023-03-20,Low Efficiency
J385,M02,Milling,4.75,59,3.65,0.7684210526315789,80,2023-03-21,High Efficiency
J386,M05,Grinding,2.75,73,5.47,1.989090909090909,87,2023-03-21,High Efficiency
J387,M01,Grinding,3.21,42,4.47,1.3925233644859814,99,2023-03-21,Low Efficiency
J388,M05,Milling,1.2,24,11.46,9.55,97,2023-03-21,Low Efficiency
J389,M01,Additive,4.56,71,9.02,1.9780701754385965,83,2023-03-21,High Efficiency
J391,M03,Lathe,2.59,35,4.83,1.864864864864865,83,2023-03-21,Low Efficiency
J392,M01,Milling,2.92,96,10.86,3.719178082191781,87,2023-03-21,Low Efficiency
J393,M01,Grinding,2.96,69,2.09,0.706081081081081,95,2023-03-21,Low Efficiency
J394,M02,Milling,2.5,74,10.7,4.279999999999999,96,2023-03-21,Moderate Efficiency
J395,M03,Lathe,2.89,66,13.0,4.498269896193771,87,2023-03-21,Low Efficiency
J396,M02,Milling,1.98,67,6.88,3.474747474747475,89,2023-03-21,Low Efficiency
J398,M01,Grinding,4.09,82,13.87,3.39119804400978,86,2023-03-21,Low Efficiency
J399,M05,Additive,4.76,80,12.18,2.558823529411765,91,2023-03-21,Low Efficiency
J402,M04,Milling,2.94,113,10.78,3.6666666666666665,94,2023-03-21,Low Efficiency
J403,M05,Grinding,2.07,113,11.6,5.603864734299517,96,2023-03-21,Moderate Efficiency
J405,M03,Drilling,3.04,100,8.05,2.648026315789474,88,2023-03-21,Moderate Efficiency
J406,M02,Drilling,1.32,87,3.5,2.6515151515151514,83,2023-03-21,High Efficiency
J408,M03,Drilling,1.42,54,7.62,5.366197183098592,88,2023-03-21,High Efficiency
J410,M05,Milling,3.4,93,2.77,0.8147058823529412,91,2023-03-21,High Efficiency
J413,M04,Grinding,1.53,22,4.23,2.7647058823529416,98,2023-03-21,Low Efficiency
J416,M01,Additive,3.38,107,11.97,3.5414201183431957,97,2023-03-21,Low Efficiency
J418,M04,Grinding,1.35,40,8.17,6.051851851851851,86,2023-03-21,High Efficiency
J419,M05,Lathe,1.3,43,13.53,10.407692307692306,80,2023-03-21,Moderate Efficiency
J420,M02,Additive,3.69,115,12.24,3.3170731707317076,85,2023-03-21,Low Efficiency
J421,M02,Milling,4.3,96,9.69,2.2534883720930234,82,2023-03-21,Low Efficiency
J422,M01,Additive,1.49,119,6.31,4.23489932885906,87,2023-03-21,Low Efficiency
J427,M05,Milling,3.79,64,10.25,2.704485488126649,98,2023-03-21,Low Efficiency
J428,M05,Milling,3.22,37,11.13,3.456521739130435,88,2023-03-21,Low Efficiency
J429,M01,Drilling,4.36,60,13.16,3.018348623853211,89,2023-03-21,Low Efficiency
J430,M05,Lathe,3.39,44,12.69,3.743362831858407,85,2023-03-21,Moderate Efficiency
J431,M01,Grinding,2.09,48,2.15,1.0287081339712918,82,2023-03-21,Low Efficiency
J433,M04,Milling,1.52,46,9.54,6.276315789473683,89,2023-03-21,Low Efficiency
J434,M05,Grinding,3.21,87,14.22,4.429906542056075,80,2023-03-21,Moderate Efficiency
J435,M02,Grinding,4.42,51,4.84,1.095022624434389,80,2023-03-21,High Efficiency
J437,M05,Additive,4.6,57,11.57,2.5152173913043483,88,2023-03-21,Low Efficiency
J440,M04,Lathe,3.57,98,2.65,0.742296918767507,80,2023-03-21,High Efficiency
J442,M05,Drilling,2.77,97,3.62,1.3068592057761732,87,2023-03-21,Low Efficiency
J443,M03,Lathe,2.1,109,12.1,5.761904761904762,97,2023-03-21,Moderate Efficiency
J444,M03,Grinding,4.32,56,14.6,3.3796296296296293,83,2023-03-21,Moderate Efficiency
J445,M04,Lathe,3.54,56,5.06,1.4293785310734461,98,2023-03-21,Low Efficiency
J447,M01,Milling,3.02,73,3.13,1.0364238410596025,87,2023-03-21,Optimal Efficiency
J448,M05,Drilling,4.17,54,12.99,3.115107913669065,84,2023-03-21,Moderate Efficiency
J449,M01,Grinding,4.65,118,3.42,0.7354838709677418,89,2023-03-21,High Efficiency
J452,M02,Drilling,1.82,110,7.81,4.291208791208791,99,2023-03-21,Moderate Efficiency
J453,M03,Additive,3.78,113,5.09,1.3465608465608465,91,2023-03-21,High Efficiency
J455,M01,Grinding,3.88,107,2.35,0.6056701030927836,92,2023-03-21,High Efficiency
J458,M03,Grinding,4.18,110,12.73,3.045454545454546,85,2023-03-21,Low Efficiency
J459,M02,Grinding,4.68,93,10.61,2.267094017094017,83,2023-03-21,Moderate Efficiency
J460,M04,Grinding,4.89,105,4.74,0.9693251533742332,87,2023-03-21,Low Efficiency
J461,M02,Drilling,4.06,50,9.95,2.450738916256158,97,2023-03-21,Moderate Efficiency
J463,M02,Grinding,2.31,28,13.03,5.64069264069264,80,2023-03-21,Low Efficiency
J464,M02,Lathe,1.46,92,2.84,1.9452054794520548,98,2023-03-21,Low Efficiency
J466,M01,Milling,4.8,21,11.49,2.3937500000000003,83,2023-03-21,Moderate Efficiency
J467,M01,Grinding,1.76,37,10.63,6.0397727272727275,97,2023-03-21,Low Efficiency
J468,M05,Milling,1.8,42,9.42,5.233333333333333,82,2023-03-21,Low Efficiency
J469,M04,Additive,4.17,119,9.17,2.199040767386091,92,2023-03-21,High Efficiency
J470,M05,Drilling,1.8,56,11.98,6.655555555555556,87,2023-03-21,Moderate Efficiency
J471,M01,Lathe,1.72,22,2.3,1.3372093023255813,90,2023-03-21,High Efficiency
J472,M02,Grinding,4.92,79,7.54,1.532520325203252,98,2023-03-21,Low Efficiency
J473,M04,Lathe,3.84,80,12.21,3.1796875000000004,81,2023-03-21,Low Efficiency
J475,M01,Lathe,2.07,106,8.41,4.06280193236715,95,2023-03-21,Moderate Efficiency
J476,M02,Lathe,2.88,83,4.14,1.4375,86,2023-03-21,High Efficiency
J477,M01,Drilling,1.23,35,14.52,11.804878048780488,98,2023-03-21,Low Efficiency
J479,M02,Milling,4.82,66,3.68,0.7634854771784232,97,2023-03-21,High Efficiency
J480,M01,Grinding,2.3,54,5.21,2.265217391304348,81,2023-03-21,Low Efficiency
J482,M02,Additive,2.88,73,5.99,2.079861111111111,91,2023-03-21,High Efficiency
J483,M03,Milling,4.0,33,3.04,0.76,83,2023-03-21,Low Efficiency
J484,M04,Additive,1.43,111,6.81,4.7622377622377625,90,2023-03-21,Low Efficiency
J485,M03,Lathe,3.38,34,9.0,2.6627218934911245,95,2023-03-21,Low Efficiency
J486,M03,Grinding,2.91,53,8.12,2.7903780068728516,84,2023-03-21,Low Efficiency
J488,M05,Milling,2.1,95,5.58,2.657142857142857,92,2023-03-21,High Efficiency
J489,M04,Lathe,1.82,37,4.17,2.291208791208791,93,2023-03-21,High Efficiency
J490,M05,Grinding,1.69,81,5.42,3.2071005917159763,95,2023-03-21,High Efficiency
J491,M01,Milling,3.67,36,13.87,3.7792915531335147,91,2023-03-21,Moderate Efficiency
J492,M04,Additive,3.69,65,5.53,1.4986449864498645,91,2023-03-21,High Efficiency
J493,M02,Additive,4.47,100,9.82,2.196868008948546,81,2023-03-21,Moderate Efficiency
J495,M01,Drilling,2.42,44,6.16,2.5454545454545454,92,2023-03-21,High Efficiency
J497,M01,Drilling,4.94,23,10.07,2.0384615384615383,92,2023-03-21,Moderate Efficiency
J498,M01,Drilling,2.27,97,8.17,3.5991189427312773,85,2023-03-21,Moderate Efficiency
J499,M05,Grinding,4.3,69,8.55,1.988372093023256,88,2023-03-21,Moderate Efficiency
J501,M02,Lathe,1.3,48,6.1,4.692307692307692,91,2023-03-21,High Efficiency
J503,M01,Additive,1.76,90,14.29,8.119318181818182,83,2023-03-21,Low Efficiency
J505,M02,Milling,1.28,74,13.58,10.609375,90,2023-03-21,Low Efficiency
J506,M05,Milling,3.94,117,8.99,2.281725888324873,82,2023-03-21,Low Efficiency
J509,M03,Milling,3.39,103,9.13,2.6932153392330385,86,2023-03-21,High Efficiency
J511,M02,Grinding,1.93,74,9.07,4.699481865284975,84,2023-03-21,Low Efficiency
J512,M05,Additive,4.9,98,4.27,0.8714285714285713,90,2023-03-21,Low Efficiency
J517,M04,Lathe,4.64,66,14.84,3.1982758620689657,84,2023-03-21,Low Efficiency
J518,M05,Lathe,2.64,61,4.09,1.549242424242424,87,2023-03-21,Low Efficiency
J519,M02,Drilling,3.6,96,14.32,3.977777777777778,89,2023-03-21,Moderate Efficiency
J521,M05,Milling,4.81,62,14.46,3.0062370062370065,80,2023-03-21,Low Efficiency
J523,M02,Additive,1.32,52,6.94,5.257575757575758,90,2023-03-21,High Efficiency
J524,M03,Additive,3.18,62,10.68,3.3584905660377355,96,2023-03-21,Moderate Efficiency
J525,M01,Milling,2.66,92,10.02,3.7669172932330826,88,2023-03-21,Moderate Efficiency
J526,M02,Grinding,3.61,76,9.64,2.6703601108033244,96,2023-03-21,Low Efficiency
J527,M01,Milling,1.08,67,3.15,2.9166666666666665,91,2023-03-21,Low Efficiency
J531,M01,Grinding,1.21,90,8.86,7.322314049586777,95,2023-03-22,Low Efficiency
J532,M03,Additive,4.5,106,4.73,1.051111111111111,84,2023-03-22,High Efficiency
J533,M01,Drilling,1.54,112,6.86,4.454545454545455,93,2023-03-22,High Efficiency
J534,M02,Lathe,3.14,61,3.66,1.1656050955414012,88,2023-03-22,High Efficiency
J535,M02,Drilling,4.9,45,6.96,1.420408163265306,90,2023-03-22,Low Efficiency
J536,M01,Grinding,2.32,100,6.97,3.0043103448275863,81,2023-03-22,Low Efficiency
J537,M02,Lathe,3.05,48,13.96,4.57704918032787,90,2023-03-22,Low Efficiency
J538,M01,Lathe,1.12,75,2.16,1.9285714285714286,86,2023-03-22,High Efficiency
J539,M01,Drilling,2.94,116,10.59,3.6020408163265305,96,2023-03-22,Moderate Efficiency
J540,M05,Lathe,3.88,60,3.62,0.9329896907216495,95,2023-03-22,High Efficiency
J541,M01,Additive,1.81,53,4.45,2.458563535911602,85,2023-03-22,High Efficiency
J542,M03,Drilling,3.57,47,13.17,3.689075630252101,89,2023-03-22,Moderate Efficiency
J543,M05,Lathe,2.12,87,3.37,1.5896226415094339,89,2023-03-22,High Efficiency
J544,M02,Lathe,1.3,89,5.76,4.43076923076923,89,2023-03-22,High Efficiency
J545,M05,Lathe,4.19,50,6.67,1.5918854415274462,89,2023-03-22,Low Efficiency
J546,M04,Lathe,2.77,95,7.55,2.7256317689530687,81,2023-03-22,Moderate Efficiency
J547,M04,Lathe,2.75,100,6.39,2.3236363636363637,91,2023-03-22,High Efficiency
J548,M04,Additive,2.81,21,5.14,1.8291814946619216,91,2023-03-22,High Efficiency
J549,M04,Additive,1.61,61,14.7,9.130434782608695,88,2023-03-22,Low Efficiency
J550,M02,Lathe,2.98,31,6.28,2.1073825503355708,92,2023-03-22,High Efficiency
J551,M01,Drilling,3.36,85,5.05,1.5029761904761905,92,2023-03-22,Low Efficiency
J552,M01,Additive,4.76,68,11.58,2.4327731092436977,86,2023-03-22,Moderate Efficiency
J553,M03,Lathe,3.11,63,12.39,3.983922829581994,83,2023-03-22,Moderate Efficiency
J554,M04,Milling,1.42,93,6.97,4.908450704225352,96,2023-03-22,High Efficiency
J557,M04,Drilling,3.61,44,4.66,1.290858725761773,98,2023-03-22,High Efficiency
J558,M03,Drilling,4.07,56,8.89,2.1842751842751844,87,2023-03-22,Moderate Efficiency
J559,M02,Lathe,1.78,114,9.67,5.432584269662922,88,2023-03-22,Moderate Efficiency
J561,M04,Milling,1.65,44,8.3,5.030303030303031,88,2023-03-22,Moderate Efficiency
J562,M05,Lathe,3.38,108,10.49,3.103550295857988,91,2023-03-22,Moderate Efficiency
J563,M05,Milling,1.36,80,7.48,5.5,81,2023-03-22,Moderate Efficiency
J564,M02,Grinding,2.72,112,12.39,4.555147058823529,85,2023-03-22,Low Efficiency
J565,M05,Milling,3.16,110,13.71,4.338607594936709,95,2023-03-22,Moderate Efficiency
J566,M02,Grinding,2.91,108,6.09,2.092783505154639,84,2023-03-22,High Efficiency
J567,M01,Milling,3.42,88,7.35,2.1491228070175437,97,2023-03-22,High Efficiency
J569,M02,Grinding,3.08,52,10.42,3.383116883116883,96,2023-03-22,Low Efficiency
J570,M03,Grinding,3.17,67,13.2,4.16403785488959,91,2023-03-22,Low Efficiency
J572,M04,Additive,1.44,90,11.44,7.944444444444445,94,2023-03-22,Moderate Efficiency
J574,M02,Milling,2.31,23,5.63,2.437229437229437,98,2023-03-22,Low Efficiency
J576,M03,Lathe,2.29,65,3.67,1.6026200873362444,87,2023-03-22,High Efficiency
J578,M03,Lathe,2.88,84,4.29,1.4895833333333335,90,2023-03-22,Low Efficiency
J579,M03,Drilling,3.36,94,13.75,4.092261904761905,86,2023-03-22,Moderate Efficiency
J580,M04,Milling,3.96,28,9.13,2.305555555555556,86,2023-03-22,Low Efficiency
J581,M01,Additive,3.37,67,11.24,3.335311572700297,98,2023-03-22,Moderate Efficiency
J583,M02,Milling,4.15,56,13.47,3.2457831325301205,80,2023-03-22,Low Efficiency
J586,M01,Additive,4.59,88,10.05,2.189542483660131,82,2023-03-22,Moderate Efficiency
J589,M03,Additive,4.06,54,11.89,2.928571428571429,88,2023-03-22,Low Efficiency
J590,M03,Lathe,1.72,110,3.47,2.0174418604651163,82,2023-03-22,Low Efficiency
J593,M03,Grinding,3.12,87,6.22,1.9935897435897434,89,2023-03-22,Low Efficiency
J594,M05,Drilling,2.22,84,12.13,5.463963963963963,86,2023-03-22,Low Efficiency
J595,M05,Lathe,4.3,26,9.83,2.286046511627907,83,2023-03-22,Low Efficiency
J596,M02,Additive,4.69,21,3.03,0.6460554371002131,91,2023-03-22,High Efficiency
J597,M04,Milling,3.02,64,11.0,3.642384105960265,88,2023-03-22,Moderate Efficiency
J598,M04,Additive,4.33,102,2.43,0.561200923787529,93,2023-03-22,Optimal Efficiency
J600,M01,Milling,4.72,63,10.66,2.2584745762711864,86,2023-03-22,Low Efficiency
J601,M01,Milling,3.89,60,12.62,3.2442159383033418,92,2023-03-22,Low Efficiency
J603,M03,Lathe,3.24,90,7.32,2.259259259259259,83,2023-03-22,High Efficiency
J605,M04,Additive,1.43,25,9.27,6.4825174825174825,91,2023-03-22,Moderate Efficiency
J606,M01,Grinding,3.62,103,11.35,3.1353591160220993,94,2023-03-22,Moderate Efficiency
J613,M03,Additive,4.02,66,6.01,1.4950248756218907,84,2023-03-22,High Efficiency
J614,M01,Lathe,4.24,77,5.71,1.346698113207547,81,2023-03-22,High Efficiency
J617,M01,Drilling,2.09,66,11.05,5.28708133971292,91,2023-03-22,Low Efficiency
J618,M02,Lathe,3.83,94,13.39,3.496083550913838,84,2023-03-22,Moderate Efficiency
J620,M01,Additive,3.85,112,13.5,3.5064935064935066,85,2023-03-22,Moderate Efficiency
J621,M05,Drilling,4.68,58,8.91,1.903846153846154,87,2023-03-22,Low Efficiency
J623,M04,Grinding,2.43,109,9.16,3.7695473251028804,81,2023-03-22,High Efficiency
J624,M03,Additive,1.92,29,14.55,7.578125000000001,91,2023-03-22,Moderate Efficiency
J626,M05,Drilling,3.13,52,2.68,0.8562300319488819,82,2023-03-22,Low Efficiency
J627,M01,Grinding,3.22,72,3.4,1.0559006211180124,85,2023-03-22,Low Efficiency
J628,M02,Drilling,1.5,119,6.85,4.566666666666666,84,2023-03-22,Low Efficiency
J631,M01,Lathe,4.54,105,2.63,0.579295154185022,97,2023-03-22,Low Efficiency
J632,M01,Grinding,2.1,51,13.64,6.495238095238095,85,2023-03-22,Low Efficiency
J634,M03,Drilling,3.26,87,9.49,2.9110429447852764,80,2023-03-22,Low Efficiency
J638,M05,Drilling,3.8,93,4.06,1.068421052631579,88,2023-03-22,Low Efficiency
J640,M01,Lathe,1.78,36,6.59,3.702247191011236,86,2023-03-22,High Efficiency
J644,M02,Drilling,4.04,87,14.09,3.4876237623762374,89,2023-03-22,Moderate Efficiency
J647,M05,Grinding,2.44,97,14.54,5.959016393442623,98,2023-03-22,Low Efficiency
J648,M01,Additive,1.71,56,11.0,6.432748538011696,90,2023-03-22,Moderate Efficiency
J650,M04,Drilling,1.34,100,9.56,7.134328358208955,85,2023-03-22,Moderate Efficiency
J652,M01,Additive,2.29,25,3.47,1.51528384279476,85,2023-03-22,High Efficiency
J655,M04,Milling,4.76,46,4.61,0.9684873949579833,89,2023-03-22,Low Efficiency
J656,M02,Grinding,3.68,23,8.99,2.442934782608696,87,2023-03-22,High Efficiency
J657,M03,Grinding,3.91,101,10.7,2.7365728900255752,95,2023-03-22,Moderate Efficiency
J661,M04,Lathe,3.82,79,13.23,3.4633507853403143,96,2023-03-22,Low Efficiency
J664,M05,Additive,4.86,97,2.25,0.4629629629629629,86,2023-03-22,Optimal Efficiency
J665,M02,Lathe,1.12,45,7.92,7.07142857142857,97,2023-03-22,High Efficiency
J666,M01,Additive,2.92,71,2.99,1.0239726027397262,97,2023-03-22,Low Efficiency
J667,M01,Milling,2.63,71,6.57,2.4980988593155895,97,2023-03-22,High Efficiency
J668,M01,Additive,3.36,29,11.77,3.5029761904761907,94,2023-03-22,Low Efficiency
J669,M03,Additive,3.22,39,5.85,1.8167701863354035,94,2023-03-22,Low Efficiency
J670,M01,Grinding,4.21,84,10.61,2.520190023752969,91,2023-03-22,Moderate Efficiency
J671,M02,Drilling,3.0,116,8.84,2.9466666666666668,91,2023-03-22,High Efficiency
J674,M03,Additive,4.68,99,6.84,1.4615384615384617,82,2023-03-23,High Efficiency
J679,M01,Drilling,1.65,76,10.69,6.4787878787878785,88,2023-03-23,Low Efficiency
J680,M02,Additive,3.12,24,11.09,3.5544871794871793,86,2023-03-23,Moderate Efficiency
J681,M04,Grinding,4.08,67,11.06,2.7107843137254903,81,2023-03-23,Low Efficiency
J682,M03,Milling,1.73,46,4.04,2.3352601156069364,85,2023-03-23,Low Efficiency
J683,M04,Grinding,2.22,46,6.99,3.1486486486486487,90,2023-03-23,Low Efficiency
J684,M03,Grinding,1.46,28,13.43,9.198630136986301,96,2023-03-23,Low Efficiency
J685,M03,Additive,4.39,81,10.4,2.3690205011389525,91,2023-03-23,Moderate Efficiency
J686,M03,Milling,4.76,37,5.02,1.0546218487394958,98,2023-03-23,High Efficiency
J688,M01,Milling,4.75,62,7.47,1.5726315789473684,89,2023-03-23,Low Efficiency
J689,M03,Lathe,1.17,25,5.92,5.0598290598290605,85,2023-03-23,High Efficiency
J691,M05,Milling,3.48,87,4.38,1.2586206896551724,97,2023-03-23,Low Efficiency
J692,M01,Drilling,4.66,83,4.07,0.8733905579399142,89,2023-03-23,High Efficiency
J693,M03,Lathe,4.51,59,3.23,0.7161862527716186,85,2023-03-23,Low Efficiency
J694,M01,Drilling,2.77,23,9.15,3.3032490974729245,94,2023-03-23,Moderate Efficiency
J700,M01,Drilling,3.16,105,8.39,2.6550632911392404,90,2023-03-23,Low Efficiency
J703,M01,Additive,1.08,41,7.52,6.962962962962962,99,2023-03-23,Moderate Efficiency
J706,M03,Drilling,1.2,85,8.14,6.783333333333334,86,2023-03-23,Low Efficiency
J710,M02,Grinding,1.76,77,12.33,7.005681818181818,92,2023-03-23,Low Efficiency
J711,M04,Grinding,2.54,38,11.54,4.543307086614173,84,2023-03-23,Low Efficiency
J712,M03,Drilling,1.35,80,12.83,9.503703703703703,99,2023-03-23,Moderate Efficiency
J715,M05,Lathe,4.22,51,4.22,1.0,80,2023-03-23,High Efficiency
J716,M05,Additive,3.67,27,3.19,0.8692098092643051,85,2023-03-23,High Efficiency
J718,M04,Additive,1.79,101,5.32,2.9720670391061454,80,2023-03-23,High Efficiency
J719,M04,Milling,3.19,92,4.96,1.5548589341692791,85,2023-03-23,High Efficiency
J720,M01,Additive,1.24,91,2.78,2.2419354838709675,86,2023-03-23,Low Efficiency
J722,M04,Drilling,2.43,40,14.48,5.958847736625514,80,2023-03-23,Moderate Efficiency
J724,M01,Additive,2.69,32,9.08,3.37546468401487,97,2023-03-23,Moderate Efficiency
J725,M04,Lathe,4.78,117,12.68,2.6527196652719662,87,2023-03-23,Low Efficiency
J730,M02,Additive,4.63,119,2.06,0.4449244060475162,97,2023-03-23,Low Efficiency
J731,M02,Additive,2.94,115,13.99,4.758503401360544,97,2023-03-23,Low Efficiency
J732,M04,Drilling,2.07,31,2.33,1.1256038647342996,82,2023-03-23,Low Efficiency
J733,M02,Lathe,4.02,82,6.14,1.527363184079602,81,2023-03-23,Low Efficiency
J735,M01,Milling,4.41,54,6.6,1.4965986394557822,84,2023-03-23,Low Efficiency
J736,M05,Grinding,2.13,27,6.99,3.2816901408450705,94,2023-03-23,Low Efficiency
J737,M05,Lathe,2.04,20,10.93,5.357843137254902,87,2023-03-23,Low Efficiency
J739,M04,Additive,2.11,98,11.77,5.578199052132701,97,2023-03-23,Low Efficiency
J740,M01,Additive,4.6,58,11.98,2.604347826086957,94,2023-03-23,Moderate Efficiency
J742,M01,Additive,1.17,75,12.89,11.017094017094019,84,2023-03-23,Moderate Efficiency
J744,M02,Lathe,3.2,98,7.96,2.4875,86,2023-03-23,High Efficiency
J746,M03,Milling,1.14,30,7.66,6.719298245614036,96,2023-03-23,High Efficiency
J747,M05,Lathe,2.57,36,13.05,5.077821011673152,80,2023-03-23,Moderate Efficiency
J750,M05,Drilling,1.7,74,7.82,4.6000000000000005,93,2023-03-23,High Efficiency
J751,M05,Drilling,3.87,90,2.72,0.702842377260982,87,2023-03-23,Low Efficiency
J754,M02,Milling,3.57,117,8.53,2.3893557422969187,98,2023-03-23,Low Efficiency
J756,M03,Grinding,4.24,29,11.47,2.705188679245283,83,2023-03-23,Low Efficiency
J757,M04,Grinding,1.74,67,7.84,4.505747126436781,82,2023-03-23,Low Efficiency
J758,M04,Drilling,1.9,32,2.32,1.2210526315789474,92,2023-03-23,High Efficiency
J760,M02,Drilling,1.66,26,6.33,3.813253012048193,85,2023-03-23,High Efficiency
J761,M03,Milling,1.83,87,6.72,3.6721311475409832,90,2023-03-23,High Efficiency
J762,M04,Lathe,4.14,76,11.27,2.7222222222222223,99,2023-03-23,Moderate Efficiency
J764,M04,Grinding,4.25,97,3.23,0.76,82,2023-03-23,High Efficiency
J767,M03,Grinding,1.83,112,3.11,1.6994535519125682,95,2023-03-23,Low Efficiency
J768,M04,Milling,2.13,87,5.3,2.488262910798122,95,2023-03-23,Low Efficiency
J769,M01,Drilling,2.3,59,4.32,1.8782608695652177,95,2023-03-23,High Efficiency
J771,M05,Additive,3.69,103,2.21,0.5989159891598916,95,2023-03-23,Low Efficiency
J774,M01,Additive,2.43,69,13.76,5.662551440329218,80,2023-03-23,Low Efficiency
J775,M03,Lathe,4.73,34,3.0,0.6342494714587738,92,2023-03-23,High Efficiency
J776,M03,Milling,1.86,118,7.64,4.10752688172043,91,2023-03-23,High Efficiency
J778,M03,Additive,4.9,75,13.52,2.7591836734693875,82,2023-03-23,Moderate Efficiency
J779,M01,Grinding,3.67,64,3.28,0.8937329700272479,90,2023-03-23,High Efficiency
J781,M05,Milling,2.8,103,8.66,3.092857142857143,92,2023-03-23,Low Efficiency
J782,M02,Drilling,1.99,42,7.26,3.648241206030151,81,2023-03-23,Low Efficiency
J783,M01,Drilling,2.84,73,12.23,4.306338028169014,93,2023-03-23,Moderate Efficiency
J784,M02,Additive,4.55,118,7.16,1.5736263736263738,96,2023-03-23,Low Efficiency
J785,M04,Lathe,4.92,97,5.17,1.0508130081300813,92,2023-03-23,Low Efficiency
J786,M05,Drilling,3.39,110,7.71,2.2743362831858405,92,2023-03-23,Low Efficiency
J787,M02,Grinding,4.07,92,11.17,2.744471744471744,89,2023-03-23,Moderate Efficiency
J790,M05,Milling,4.43,28,8.66,1.9548532731376977,98,2023-03-23,Low Efficiency
J791,M03,Additive,3.15,106,3.13,0.9936507936507937,92,2023-03-23,Low Efficiency
J792,M04,Additive,4.97,70,4.08,0.8209255533199196,93,2023-03-23,High Efficiency
J793,M03,Milling,1.41,99,8.8,6.241134751773051,90,2023-03-23,Low Efficiency
J798,M03,Milling,3.76,44,10.31,2.742021276595745,89,2023-03-23,Moderate Efficiency
J801,M03,Drilling,1.73,55,9.06,5.236994219653179,83,2023-03-23,Low Efficiency
J802,M01,Drilling,2.43,114,8.67,3.567901234567901,83,2023-03-23,High Efficiency
J804,M03,Milling,3.31,34,3.84,1.16012084592145,92,2023-03-23,Low Efficiency
J805,M03,Drilling,3.95,54,8.32,2.1063291139240508,97,2023-03-23,Moderate Efficiency
J806,M02,Grinding,4.33,110,2.38,0.5496535796766744,91,2023-03-23,Low Efficiency
J807,M05,Milling,4.11,99,7.53,1.8321167883211678,85,2023-03-23,Low Efficiency
J808,M05,Drilling,4.73,114,10.93,2.310782241014799,84,2023-03-23,Low Efficiency
J809,M01,Additive,1.57,93,5.43,3.4585987261146496,89,2023-03-23,Low Efficiency
J810,M04,Drilling,2.93,84,3.53,1.204778156996587,86,2023-03-23,Low Efficiency
J811,M01,Drilling,1.25,29,7.98,6.384,92,2023-03-23,Moderate Efficiency
J812,M05,Drilling,2.37,24,10.78,4.548523206751055,88,2023-03-23,Moderate Efficiency
J813,M05,Grinding,1.86,119,3.48,1.8709677419354838,95,2023-03-23,High Efficiency
J814,M02,Additive,3.83,104,14.05,3.668407310704961,91,2023-03-23,Low Efficiency
J816,M05,Milling,3.58,34,14.45,4.036312849162011,96,2023-03-23,Moderate Efficiency
J817,M02,Drilling,1.46,66,3.12,2.136986301369863,95,2023-03-23,Low Efficiency
J818,M01,Grinding,4.39,61,11.59,2.640091116173121,84,2023-03-24,Low Efficiency
J819,M05,Milling,2.54,72,7.28,2.866141732283465,81,2023-03-24,Moderate Efficiency
J821,M04,Drilling,4.17,24,8.58,2.0575539568345325,92,2023-03-24,Moderate Efficiency
J822,M01,Drilling,4.96,90,12.86,2.592741935483871,97,2023-03-24,Low Efficiency
J823,M01,Lathe,2.11,94,8.95,4.241706161137441,87,2023-03-24,Low Efficiency
J824,M05,Grinding,4.09,93,2.9,0.7090464547677262,87,2023-03-24,Low Efficiency
J826,M03,Lathe,3.36,67,3.19,0.949404761904762,93,2023-03-24,Low Efficiency
J827,M01,Milling,1.11,99,12.67,11.414414414414413,91,2023-03-24,Moderate Efficiency
J828,M03,Lathe,3.51,58,10.11,2.8803418803418803,83,2023-03-24,Moderate Efficiency
J830,M04,Milling,2.73,24,3.36,1.2307692307692308,82,2023-03-24,Low Efficiency
J832,M01,Grinding,3.68,100,12.13,3.296195652173913,89,2023-03-24,Low Efficiency
J833,M02,Additive,4.31,89,6.12,1.4199535962877032,96,2023-03-24,High Efficiency
J834,M04,Milling,3.59,71,12.87,3.584958217270195,80,2023-03-24,Moderate Efficiency
J835,M01,Grinding,1.84,60,13.14,7.141304347826087,84,2023-03-24,Moderate Efficiency
J838,M02,Grinding,1.93,102,4.48,2.3212435233160624,80,2023-03-24,Low Efficiency
J839,M05,Milling,2.77,74,12.74,4.59927797833935,98,2023-03-24,Low Efficiency
J840,M02,Grinding,4.41,118,14.0,3.1746031746031744,98,2023-03-24,Low Efficiency
J843,M05,Grinding,3.36,61,8.88,2.6428571428571432,87,2023-03-24,High Efficiency
J844,M04,Drilling,1.91,58,8.75,4.581151832460733,96,2023-03-24,Low Efficiency
J845,M04,Lathe,2.1,40,14.19,6.757142857142856,97,2023-03-24,Moderate Efficiency
J846,M01,Additive,3.05,91,8.59,2.816393442622951,91,2023-03-24,Low Efficiency
J848,M02,Grinding,1.07,86,6.85,6.401869158878504,95,2023-03-24,Low Efficiency
J849,M05,Grinding,2.81,53,8.73,3.106761565836299,83,2023-03-24,Low Efficiency
J853,M03,Additive,4.64,86,11.14,2.4008620689655173,89,2023-03-24,Low Efficiency
J854,M05,Milling,3.38,68,12.99,3.8431952662721893,83,2023-03-24,Moderate Efficiency
J855,M04,Lathe,3.63,90,13.56,3.735537190082645,81,2023-03-24,Moderate Efficiency
J857,M04,Additive,2.18,62,13.79,6.3256880733944945,87,2023-03-24,Moderate Efficiency
J858,M03,Additive,3.5,114,5.38,1.5371428571428571,84,2023-03-24,Low Efficiency
J860,M04,Lathe,4.42,102,8.07,1.82579185520362,95,2023-03-24,High Efficiency
J863,M03,Milling,2.91,77,9.83,3.3780068728522337,90,2023-03-24,Moderate Efficiency
J864,M02,Grinding,4.28,79,10.56,2.467289719626168,99,2023-03-24,Moderate Efficiency
J865,M04,Drilling,1.95,77,7.76,3.9794871794871796,99,2023-03-24,High Efficiency
J866,M01,Grinding,4.32,33,2.47,0.5717592592592593,88,2023-03-24,Low Efficiency
J869,M04,Lathe,4.81,39,13.37,2.7796257796257797,88,2023-03-24,Moderate Efficiency
J870,M01,Milling,2.68,79,12.19,4.548507462686567,88,2023-03-24,Moderate Efficiency
J871,M03,Lathe,1.47,72,13.33,9.068027210884354,87,2023-03-24,Low Efficiency
J872,M03,Lathe,3.74,91,5.32,1.4224598930481283,96,2023-03-24,High Efficiency
J873,M02,Lathe,1.97,109,8.73,4.431472081218274,91,2023-03-24,Low Efficiency
J874,M03,Milling,3.84,74,9.06,2.359375,83,2023-03-24,Low Efficiency
J875,M03,Additive,2.28,85,13.44,5.894736842105264,93,2023-03-24,Low Efficiency
J878,M05,Milling,3.92,116,3.49,0.8903061224489797,88,2023-03-24,High Efficiency
J881,M03,Grinding,3.08,105,10.44,3.3896103896103895,98,2023-03-24,Moderate Efficiency
J882,M05,Lathe,3.27,60,7.5,2.293577981651376,90,2023-03-24,Low Efficiency
J883,M02,Milling,2.12,43,3.75,1.7688679245283019,84,2023-03-24,High Efficiency
J884,M02,Grinding,3.58,32,13.96,3.899441340782123,82,2023-03-24,Low Efficiency
J885,M05,Drilling,4.98,45,8.68,1.7429718875502005,95,2023-03-24,Moderate Efficiency
J886,M04,Drilling,3.75,25,9.4,2.506666666666667,90,2023-03-24,Low Efficiency
J887,M04,Lathe,1.69,105,11.47,6.786982248520711,87,2023-03-24,Moderate Efficiency
J890,M01,Drilling,2.53,30,13.66,5.399209486166009,92,2023-03-24,Low Efficiency
J891,M02,Milling,3.14,104,3.16,1.0063694267515924,92,2023-03-24,Low Efficiency
J892,M02,Drilling,4.65,43,14.03,3.0172043010752683,91,2023-03-24,Moderate Efficiency
J893,M04,Lathe,3.22,115,12.2,3.788819875776397,90,2023-03-24,Moderate Efficiency
J894,M01,Milling,1.58,68,12.26,7.7594936708860756,94,2023-03-24,Low Efficiency
J895,M05,Additive,1.32,82,6.89,5.219696969696969,93,2023-03-24,High Efficiency
J896,M04,Grinding,1.24,109,2.05,1.6532258064516128,97,2023-03-24,High Efficiency
J897,M05,Grinding,2.04,60,9.29,4.553921568627451,99,2023-03-24,Low Efficiency
J899,M03,Lathe,1.47,75,14.44,9.82312925170068,80,2023-03-24,Moderate Efficiency
J900,M03,Lathe,2.77,59,6.61,2.3862815884476536,93,2023-03-24,High Efficiency
J902,M03,Lathe,2.44,103,13.56,5.557377049180328,95,2023-03-24,Moderate Efficiency
J903,M03,Grinding,4.04,95,14.48,3.5841584158415842,97,2023-03-24,Low Efficiency
J905,M03,Lathe,2.79,48,7.14,2.5591397849462365,91,2023-03-24,High Efficiency
J908,M02,Milling,3.41,106,14.25,4.178885630498534,85,2023-03-24,Moderate Efficiency
J909,M04,Additive,4.29,116,13.6,3.17016317016317,87,2023-03-24,Moderate Efficiency
J910,M02,Additive,4.83,38,12.13,2.5113871635610767,85,2023-03-24,Low Efficiency
J911,M03,Grinding,2.55,112,4.12,1.6156862745098042,87,2023-03-24,Low Efficiency
J913,M05,Additive,2.37,31,12.76,5.383966244725738,91,2023-03-24,Low Efficiency
J914,M03,Lathe,1.17,72,9.64,8.23931623931624,92,2023-03-24,Low Efficiency
J916,M01,Drilling,4.75,31,8.94,1.8821052631578947,98,2023-03-24,Moderate Efficiency
J917,M04,Grinding,2.11,40,6.24,2.9573459715639814,92,2023-03-24,Low Efficiency
J919,M05,Grinding,1.71,48,11.56,6.760233918128655,83,2023-03-24,Moderate Efficiency
J920,M04,Additive,4.26,43,9.59,2.251173708920188,81,2023-03-24,Moderate Efficiency
J921,M01,Grinding,2.73,90,7.46,2.7326007326007327,85,2023-03-24,High Efficiency
J922,M02,Drilling,1.62,46,4.17,2.574074074074074,97,2023-03-24,High Efficiency
J923,M02,Milling,4.85,91,14.43,2.975257731958763,80,2023-03-24,Low Efficiency
J925,M02,Additive,3.4,30,5.58,1.6411764705882355,86,2023-03-24,Low Efficiency
J926,M05,Grinding,3.91,115,4.62,1.1815856777493605,95,2023-03-24,Low Efficiency
J927,M01,Drilling,1.4,60,6.27,4.478571428571429,90,2023-03-24,High Efficiency
J928,M02,Additive,4.46,100,7.59,1.701793721973094,88,2023-03-24,Low Efficiency
J930,M03,Lathe,3.12,101,9.44,3.0256410256410255,85,2023-03-24,Low Efficiency
J931,M03,Lathe,1.12,55,5.05,4.508928571428571,91,2023-03-24,Low Efficiency
J933,M02,Lathe,4.01,49,4.23,1.0548628428927682,96,2023-03-24,Low Efficiency
J934,M05,Drilling,1.12,88,11.95,10.669642857142856,98,2023-03-24,Low Efficiency
J935,M02,Drilling,3.28,81,5.14,1.5670731707317074,99,2023-03-24,High Efficiency
J936,M05,Drilling,2.67,22,13.15,4.925093632958802,83,2023-03-24,Moderate Efficiency
J937,M02,Drilling,4.28,103,14.71,3.4369158878504673,88,2023-03-24,Low Efficiency
J938,M02,Drilling,1.97,47,9.72,4.934010152284264,99,2023-03-24,Moderate Efficiency
J940,M01,Milling,2.31,87,5.9,2.554112554112554,95,2023-03-24,High Efficiency
J941,M02,Lathe,2.88,105,14.3,4.965277777777779,83,2023-03-24,Moderate Efficiency
J942,M04,Additive,4.73,20,4.97,1.0507399577167018,90,2023-03-24,High Efficiency
J946,M01,Lathe,1.94,45,2.43,1.252577319587629,90,2023-03-24,Low Efficiency
J947,M02,Drilling,2.99,88,8.42,2.8160535117056855,82,2023-03-24,Low Efficiency
J948,M02,Milling,1.29,100,7.13,5.5271317829457365,82,2023-03-24,High Efficiency
J949,M03,Drilling,3.01,57,14.36,4.770764119601329,93,2023-03-24,Moderate Efficiency
J950,M04,Drilling,4.7,92,4.0,0.851063829787234,89,2023-03-24,High Efficiency
J951,M05,Drilling,2.42,81,4.52,1.867768595041322,80,2023-03-24,High Efficiency
J952,M02,Lathe,1.69,24,10.01,5.923076923076923,83,2023-03-24,Moderate Efficiency
J953,M03,Lathe,2.85,103,7.28,2.5543859649122806,97,2023-03-24,High Efficiency
J954,M01,Grinding,4.54,39,3.74,0.8237885462555067,91,2023-03-24,Low Efficiency
J956,M01,Lathe,2.71,51,7.12,2.6273062730627306,90,2023-03-24,High Efficiency
J958,M05,Grinding,3.02,44,2.83,0.9370860927152318,98,2023-03-24,Low Efficiency
J959,M04,Additive,4.28,84,14.44,3.373831775700934,88,2023-03-24,Moderate Efficiency
J960,M04,Additive,2.17,88,3.03,1.3963133640552996,80,2023-03-24,Low Efficiency
J961,M04,Milling,4.15,93,2.24,0.5397590361445783,97,2023-03-25,High Efficiency
J962,M01,Grinding,4.64,67,10.74,2.314655172413793,96,2023-03-25,Moderate Efficiency
J963,M04,Additive,3.83,101,11.33,2.9582245430809397,80,2023-03-25,Low Efficiency
J964,M03,Additive,4.86,66,8.07,1.6604938271604939,93,2023-03-25,Moderate Efficiency
J965,M02,Drilling,2.38,43,12.77,5.365546218487395,97,2023-03-25,Moderate Efficiency
J966,M02,Lathe,1.49,114,10.41,6.9865771812080535,84,2023-03-25,Low Efficiency
J967,M05,Additive,4.38,64,8.79,2.006849315068493,98,2023-03-25,Low Efficiency
J968,M03,Milling,3.55,32,13.1,3.6901408450704225,89,2023-03-25,Moderate Efficiency
J970,M04,Grinding,2.78,75,4.4,1.5827338129496404,82,2023-03-25,Low Efficiency
J971,M02,Drilling,1.88,119,4.69,2.4946808510638303,83,2023-03-25,Low Efficiency
J972,M03,Drilling,4.67,59,10.72,2.2955032119914347,80,2023-03-25,Moderate Efficiency
J973,M02,Milling,4.43,61,11.68,2.6365688487584653,89,2023-03-25,Low Efficiency
J975,M03,Lathe,1.35,93,10.22,7.57037037037037,94,2023-03-25,Low Efficiency
J981,M02,Drilling,1.89,80,14.98,7.9259259259259265,91,2023-03-25,Low Efficiency
J982,M01,Additive,1.29,27,13.25,10.271317829457365,96,2023-03-25,Low Efficiency
J986,M05,Additive,3.47,60,3.53,1.0172910662824206,93,2023-03-25,High Efficiency
J987,M02,Lathe,1.9,120,10.87,5.721052631578948,97,2023-03-25,Low Efficiency
J988,M04,Milling,3.38,104,8.83,2.6124260355029585,82,2023-03-25,Low Efficiency
J989,M03,Milling,3.77,89,5.67,1.5039787798408488,98,2023-03-25,Low Efficiency
J990,M03,Milling,1.62,87,12.82,7.91358024691358,86,2023-03-25,Low Efficiency
J991,M02,Milling,3.05,36,6.33,2.0754098360655737,99,2023-03-25,Low Efficiency
J992,M01,Grinding,4.27,83,6.7,1.5690866510538644,96,2023-03-25,High Efficiency
J994,M05,Milling,3.35,94,9.39,2.8029850746268656,89,2023-03-25,Low Efficiency
J998,M03,Lathe,1.31,102,14.1,10.763358778625953,83,2023-03-25,Moderate Efficiency
J999,M02,Lathe,2.4,75,9.08,3.7833333333333337,83,2023-03-25,Moderate Efficiency
J1000,M05,Additive,1.32,111,3.88,2.939393939393939,91,2023-03-25,Low Efficiency
